{
  "ts": "2026-03-07T19:52:49.513Z",
  "spot": 67068.98,
  "hv7": 60.49103744823583,
  "matches": [
    {
      "strike": 52000,
      "dte": 19,
      "score": 0.004250000000000004
    }
  ]
}