{
  "ts": "2026-03-07T20:18:11.820Z",
  "spot": 67282.51,
  "hv7": 60.16965966676362,
  "matches": [
    {
      "strike": 52000,
      "dte": 19,
      "score": 0.0028500000000000053
    }
  ]
}