{
  "ts": "2026-03-07T20:46:08.657Z",
  "spot": 67413.35,
  "hv7": 60.23300569181769,
  "matches": [
    {
      "strike": 52000,
      "dte": 19,
      "score": 0.002579999999999999
    }
  ]
}