{
  "ts": "2026-03-07T19:41:50.220Z",
  "spot": 67325.32,
  "hv7": 60.29267683082049,
  "matches": [
    {
      "strike": 52000,
      "dte": 19,
      "score": 0.002570000000000003
    }
  ]
}